{
    "from the auth_data.pkl": 1708897628.9347146,
    "santu_nohair_data.pkl": 1707025301.879288,
    "Santosh_data.pkl": 1705287858.6904626,
    "nohair_data.pkl": 1706908321.751504,
    "ssssaaaannntttooosh_data.pkl": 1708798964.5968988,
    "srikar_data.pkl": 1706991978.5844126,
    "santosh123_data.pkl": 1709291145.931463
}